{
  "project_info": {
    "project_number": "719440467329",
    "project_id": "online-jobs-c5431",
    "storage_bucket": "online-jobs-c5431.appspot.com"
  },
  "client": [
    {
      "client_info": {
        "mobilesdk_app_id": "1:719440467329:android:353c0a6c3abbacce198480",
        "android_client_info": {
          "package_name": "com.uaejobs.uaejobs"
        }
      },
      "oauth_client": [
        {
          "client_id": "719440467329-d7fntc6lvfb8ednvpj23vdk2s3bt355n.apps.googleusercontent.com",
          "client_type": 3
        }
      ],
      "api_key": [
        {
          "current_key": "AIzaSyAVlcH1CZQlYjJtMEA-2SKlN1Q4vALlsMI"
        }
      ],
      "services": {
        "appinvite_service": {
          "other_platform_oauth_client": [
            {
              "client_id": "719440467329-d7fntc6lvfb8ednvpj23vdk2s3bt355n.apps.googleusercontent.com",
              "client_type": 3
            }
          ]
        }
      }
    }
  ],
  "configuration_version": "1"
}